Perovskite_composition_long_form,Perovskite_band_gap,formula
(1.3-Pr(NH3)2)0.5Pb1.0I3,1.62,
(5-AVA)0.05MA0.95PbI3,1.6,
(6-ACA)0.038MA0.962PbI3,1.59,
(C6H4NH2)CuBr2I,1.63,
(C6H4NH2)CuCl2I,2.01,
(DMA)0.025MA0.975PbI3,1.55,
(DMA)0.05MA0.95PbI3,1.55,
(DMA)0.075MA0.925PbI3,1.55,
(DMA)0.1MA0.9PbI3,1.55,
(PEA)0.03MA0.97PbI3,1.6,
(PEA)0.05MA0.95PbBr1.2I1.8,1.82,
(PEA)0.05MA0.95PbI3,1.6,
(PEA)0.1MA0.9PbI3,1.6,
(PEA)0.4MA0.6PbI3,1.6,
(PEA)0.5MA0.5PbI3,1.6,
(PEA)2PbI4,1.6,
(n-C3H7NH3)PbCl3,1.72,
AN0.015MA0.985PbI3,1.58,
AN0.03MA0.97PbI3,1.58,
AN0.06MA0.94PbI3,1.58,
AN0.09MA0.91PbI3,1.58,
AN0.15Cs0.5MA0.8PbI3,1.58,
AN0.15FA0.5MA0.8PbI3,1.58,
AN0.1MA0.9PbI3,1.58,
AN0.2MA0.8PbI3,1.58,
AN0.3MA0.7PbI3,1.58,
AN0.4MA0.6PbI3,1.58,
AN0.5MA0.5PbI3,1.58,
Ag0.152Bi3I9.5,1.86,
Ag0.153Bi3I10.5,1.86,
Ag0.15Bi4I11.5,1.86,
Ag2BiI5,1.86,
Ag3Bi2I9,1.86,
Ag3BiI6,1.86,
AgBi2I7,1.86,
AgBiI4,1.86,
BDACs2Pb3Br3I7,1.91,
BDACs3Pb4Br3.9I9.1,1.9,
BDACs4Pb5Br4.8I11.2,1.9,
BDACsPb2Br2.1I4.9,2.02,
Ba0.1K0.9Nb0.95Ni0.05O3,1.45,
Cs0.005Pb0.995Br3,2.29,
Cs0.01FA0.39MA0.6PbBr0.025I2.975,1.6,
Cs0.01MA0.99PbBr0.03I2.97,1.6,
Cs0.025FA0.475MA0.5Pb0.5Sn0.5I3,1.27,
Cs0.025FA0.7MA0.25Rb0.025PbI3,1.51,
Cs0.025FA0.825MA0.15PbBr0.45I2.55,1.651,
Cs0.02FA0.38MA0.6PbBr0.025I2.975,1.6,
Cs0.02MA0.98PbBr0.06I2.94,1.6,
Cs0.03FA0.37MA0.6PbBr0.025I2.975,1.6,
Cs0.03FA0.77MA0.2PbBr0.46I2.54,1.5,
Cs0.03FA0.81MA0.16PbBr0.50I2.50,1.63,
Cs0.03FA0.945MA0.025PbBr0.075I2.925,1.56,
Cs0.03FA0.97PbI3,1.553,
Cs0.03MA0.97PbBr0.09I2.91,1.6,
Cs0.04FA0.80MA0.16PbBr0.50I2.50,1.632,
Cs0.04FA0.80MA0.16PbBr0.51I2.49,1.61,
Cs0.04FA0.82MA0.14PbBr0.42I2.58,1.58,
Cs0.04FA0.8MA0.16PbBr0.49I2.51,1.62,
Cs0.05FA0.07MA0.25PbI3,1.51,
Cs0.05FA0.38MA0.57PbBr0.2I2.8,1.57,
Cs0.05FA0.45MA0.5Pb0.5Sn0.5I3,1.26,
Cs0.05FA0.49MA0.16PbBr0.51I2.49,1.73,
Cs0.05FA0.55MA0.4PbBr0.12I2.88,1.56,
Cs0.05FA0.57MA0.38PbI3,1.54,
Cs0.05FA0.5MA0.45Pb0.5Sn0.5I3,1.22,
Cs0.05FA0.65MA0.3PbBr0.15I2.85,1.55,
Cs0.05FA0.68MA0.26Pb0.75Sn0.25Br0.4I2.6,1.36,
Cs0.05FA0.70MA0.25PbI3,1.51,
Cs0.05FA0.75MA0.2PbI3,1.52,
Cs0.05FA0.76MA0.16PbBr0.49I2.51,1.6,
Cs0.05FA0.76MA0.19PbBr0.57I2.32,1.69,
Cs0.05FA0.76MA0.19PbBr0.6I2.4,1.59,
Cs0.05FA0.7885MA0.1441PbBr0.3I2.7,1.55,
Cs0.05FA0.7885MA0.1615PbBr0.3I2.7,1.55,
Cs0.05FA0.7885MA0.1615PbBr0.4845I2.51555,1.6,
Cs0.05FA0.7885MA0.1615PbBr0.51I2.49,1.57,
Cs0.05FA0.788GU0.032MA0.129PbBr0.51I2.49,1.605,
Cs0.05FA0.788GU0.065MA0.097PbBr0.51I2.49,1.615,
Cs0.05FA0.788GU0.097MA0.065PbBr0.51I2.49,1.63,
Cs0.05FA0.788MA0.162PbBr0.51I2.49,1.59,
Cs0.05FA0.78MA0.13PbBr0.45I2.55,1.6,
Cs0.05FA0.79MA0.160Pb1.0Br0.3I2.7,1.55,
Cs0.05FA0.79MA0.16Pb0.25Sn0.75Br0.5I2.5,1.3,
Cs0.05FA0.79MA0.16Pb0.58Sn0.42Br0.52I2.48,1.38,
Cs0.05FA0.79MA0.16Pb0.5Sn0.5Br0.5I2.5,1.31,
Cs0.05FA0.79MA0.16Pb0.664Sn0.336Br0.52I2.48,1.38,
Cs0.05FA0.79MA0.16Pb0.748Sn0.252Br0.52I2.48,1.38,
Cs0.05FA0.79MA0.16Pb0.75Sn0.25Br0.5I2.5,1.34,
Cs0.05FA0.79MA0.16Pb0.832Sn0.168Br0.52I2.48,1.38,
Cs0.05FA0.79MA0.16Pb0.84Sn0.84Br0.52I2.48,1.38,
Cs0.05FA0.79MA0.16Pb0.916Sn0.084Br0.52I2.48,1.38,
Cs0.05FA0.79MA0.16Pb1.1Br0.51I2.49,1.59,
Cs0.05FA0.79MA0.16PbBr0.31I2.7,1.59,
Cs0.05FA0.79MA0.16PbBr0.39I2.61,1.59,
Cs0.05FA0.79MA0.16PbBr0.3I2.7,1.57,
Cs0.05FA0.79MA0.16PbBr0.45I2.55,1.6,
Cs0.05FA0.79MA0.16PbBr0.47I2.53,1.59,
Cs0.05FA0.79MA0.16PbBr0.48I2.52,1.55,
Cs0.05FA0.79MA0.16PbBr0.50I2.5,1.63,
Cs0.05FA0.79MA0.16PbBr0.51I2.49,1.63,
Cs0.05FA0.79MA0.16PbBr0.52I2.48,1.38,
Cs0.05FA0.79MA0.16PbBr0.5I2.5,1.5,
Cs0.05FA0.79MA0.16PbBr1.2I2.6,1.71,
Cs0.05FA0.79MA0.16PbBr1.5I1.5,1.85,
Cs0.05FA0.79MA0.16PbBr2.51I2.49,1.63,
Cs0.05FA0.79MA0.16PbBrI2,1.61,
Cs0.05FA0.79MA0.16PbCs0.49FA2.51MA,1.63,
Cs0.05FA0.79MA0.16PbI3,1.54,
Cs0.05FA0.79MA0.16SnBr0.5I2.5,1.45,
Cs0.05FA0.8075MA0.1425PbBr0.45I2.55,1.6,
Cs0.05FA0.80MA0.15PbBr0.45I2.55,1.59,
Cs0.05FA0.81MA0.14Pb0.95Br0.43I2.42,1.64,
Cs0.05FA0.81MA0.14PbBr0.39I2.61,1.59,
Cs0.05FA0.81MA0.14PbBr0.42I2.58,1.61,
Cs0.05FA0.81MA0.14PbBr0.45I2.55,1.63,
Cs0.05FA0.81MA0.14PbBr0.4I2.6,1.61,
Cs0.05FA0.81MA14PbBr0.45I2.55,1.59,
Cs0.05FA0.83MA0.12PbBr0.36I2.64,1.61,
Cs0.05FA0.83MA0.12PbBr0.39I2.61,1.6,
Cs0.05FA0.83MA0.12PbBr0.49I2.51,1.6,
Cs0.05FA0.83MA0.12PbBr0.51I2.49,1.63,
Cs0.05FA0.83MA0.17PbBr0.51I2.49,1.6,
Cs0.05FA0.85MA0.15PbBr0.45I2.55,1.58,
Cs0.05FA0.85MA0.1PbBr0.03I2.97,1.598,
Cs0.05FA0.85MA0.1PbBr0.45I2.45,1.59,
Cs0.05FA0.85MA0.1PbBr3.0,2.28,
Cs0.05FA0.8MA0.15PbBr0.15I2.85,1.617,
Cs0.05FA0.8MA0.15PbBr0.45I2.55,1.6,
Cs0.05FA0.8MA0.15PbBr0.55I2.55,1.61,
Cs0.05FA0.91MA0.04PbBr0.15I2.85,1.54,
Cs0.05FA0.94MA0.01PbBr0.03I2.97,1.55,
Cs0.05FA0.95PbBr0.15I2.85,1.55,
Cs0.05FA0.95PbI3,1.54,
Cs0.05MA0.95PbBr1.2I1.8,1.82,
Cs0.05MA0.95PbI3,1.51,
Cs0.05MA095PbI3,1.61,
Cs0.0664FA0.666MA0.2668PbBr0.095I0.905,1.63,
Cs0.0664FA0.666MA0.2668PbBr0.256I0.744,1.71,
Cs0.0664FA0.8668MA0.0664PbBr0.095I0.905,1.63,
Cs0.0664FA0.8668MA0.0664PbBr0.256I0.744,1.7,
Cs0.06FA0.78MA0.16PbBr0.51I2.49,1.63,
Cs0.06FA0.79MA0.15PbBr0.45I2.55,1.61,
Cs0.06FA0.79MA0.15PbBr1.8I1.2,1.78,
Cs0.06FA79MA0.15PbBr0.45I2.55,1.64,
Cs0.07FA0.73MA0.20PbBr0.47I2.53,1.6,
Cs0.07FA0.77MA0.16PbBr0.50I2.50,1.639,
Cs0.07FA0.785MA0.115PbBr0.45I2.55,1.58,
Cs0.07FA0.78MA0.15PbBr0.45I2.55,1.61,
Cs0.07FA0.79MA0.14PbBr0.45I2.55,1.5,
Cs0.07FA0.89GU0.02PbI3,1.53,
Cs0.07FA0.93PbBr0.15I2.85,1.62,
Cs0.07FA0.93PbI3,1.54,
Cs0.085FA0.915PbBr0.45I2.55,1.625,
Cs0.08FA0.55MA0.37PbI3,1.53,
Cs0.08FA0.76MA15PbBr0.51I2.49,1.62,
Cs0.08FA0.77MA0.15PbBr0.51I2.49,1.6,
Cs0.08FA0.78MA0.14PbBr0.42I2.38,1.61,
Cs0.08FA0.78MA0.14PbBr0.42I2.58,1.61,
Cs0.08FA0.92PbI3,1.51,
Cs0.09FA0.58MA0.33PbBr0.65I2.35,1.59,
Cs0.09MA0.91PbI3,1.59,
Cs0.10FA0.75MA0.15PbBr0.51I2.49,1.63,
Cs0.10FA0.81MA0.09PbBr0.03I2.97,1.6,
Cs0.10FA0.83MA0.07PbBr0.51I2.49,1.63,
Cs0.10MA0.90PbI3,1.54,
Cs0.11MA0.89PbI3,1.62,
Cs0.125FA0.875PbBr0.375I2.625,1.57,
Cs0.12FA0.5MA0.38PbBr0.96I2.04,1.72,
Cs0.12FA0.83MA0.05PbBr1.2I1.8,1.74,
Cs0.133FA0.733MA0.133PbBr0.095I0.905,1.65,
Cs0.133FA0.733MA0.133PbBr0.256I0.744,1.71,
Cs0.13FA0.72MA0.16PbBr0.51I2.49,1.63,
Cs0.13FA0.87PbBr0.39I2.61,1.56,
Cs0.13FA0.87PbBrI2,1.72,
Cs0.14FA0.83MA0.03PbBr0.51I2.49,1.63,
Cs0.15(DMA)0.85MA0.15PbI3,1.67,
Cs0.15FA0.65MA0.20PbBr0.6I2.4,1.68,
Cs0.15FA0.71MA0.14PbBr0.9I2.1,1.7,
Cs0.15FA0.75MA0.1PbBr0.1I2.9,1.57,
Cs0.15FA0.75MA0.1PbI3,1.554,
Cs0.15FA0.76MA0.09PbBr0.03I2.97,1.599,
Cs0.15FA0.85Pb0.375Sn0.625I3,1.24,
Cs0.15FA0.85PbBr0.12I2.88,1.6,
Cs0.15FA0.85PbBr0.15I2.85,1.55,
Cs0.15FA0.85PbBr0.3I2.7,1.55,
Cs0.15FA0.85PbBr0.45I2.55,1.48,
Cs0.15FA0.85PbBr0.81I2.19,1.72,
Cs0.15FA0.85PbBr0.87I2.13,1.72,
Cs0.15FA0.85PbBr0.9I2.1,1.72,
Cs0.15FA0.85PbBr2.1I0.9,2,
Cs0.15FA0.85PbI3,1.54,
Cs0.15FA0.8GA0.05PbBr0.45I2.55,1.625,
Cs0.15MA0.85PbBr0.45I2.55,1.66,
Cs0.15MA0.85PbBr1.2I1.8,1.82,
Cs0.15MA0.85PbI3,1.59,
Cs0.16FA0.8MA0.04PbBr1.5I1.5,1.82,
Cs0.16FA0.8MA0.04PbBr1.71I1.29,1.89,
Cs0.16FA0.8MA0.04PbBr1.83I1.17,1.91,
Cs0.17FA0.75MA0.08PbBr0.39I2.61,1.61,
Cs0.17FA0.83MAPbBr0.519I2.49,1.64,
Cs0.17FA0.83Pb0.3Sn0.7I3,1.25,
Cs0.17FA0.83Pb0.4Sn0.6I3,1.25,
Cs0.17FA0.83Pb0.5Sn0.5I3,1.26,
Cs0.17FA0.83Pb0.6Sn0.4I3,1.27,
Cs0.17FA0.83Pb0.7Sn0.3I3,1.32,
Cs0.17FA0.83Pb0.8Sn0.2I3,1.34,
Cs0.17FA0.83Pb0.95Sn0.05I3,1.45,
Cs0.17FA0.83Pb0.98Sn0.02I3,1.51,
Cs0.17FA0.83Pb0.995Sn0.005I3,1.52,
Cs0.17FA0.83Pb0.99999Sn0.00001I3,1.51,
Cs0.17FA0.83Pb0.9999Sn0.0001I3,1.52,
Cs0.17FA0.83Pb0.999Sn0.001I3,1.51,
Cs0.17FA0.83Pb0.99Sn0.01I3,1.52,
Cs0.17FA0.83Pb0.9Sn0.1I3,1.41,
Cs0.17FA0.83PbBr0.17I0.83,1.6,
Cs0.17FA0.83PbBr0.51I2.49,1.6,
Cs0.17FA0.83PbBr0.6I2.4,1.61,
Cs0.17FA0.83PbBr0.75I2.25,1.68,
Cs0.17FA0.83PbBr0.81I2.19,1.7,
Cs0.17FA0.83PbBr0.8I2.2,1.72,
Cs0.17FA0.83PbBr1.2I1.8,1.72,
Cs0.17FA0.83PbBr1.2I2.8,1.75,
Cs0.17FA0.83PbBr1.5I1.5,1.86,
Cs0.17FA0.83PbBr1.8I1.2,1.93,
Cs0.17FA0.83PbBrI2,1.67,
Cs0.17FA0.83PbI3,1.56,
Cs0.17MA0.83PbI3,1.633,
Cs0.18FA0.82PbBr0.24I2.82,1.55,
Cs0.18FA0.83PbBrI2,1.73,
Cs0.1FA0.1MA0.8PbI3,1.5,
Cs0.1FA0.2MA0.7PbI3,1.62,
Cs0.1FA0.36MA0.54PbBr0.2I2.8,1.59,
Cs0.1FA0.54MA0.36PbI3,1.51,
Cs0.1FA0.6MA0.3PbBr0.095I0.905,1.64,
Cs0.1FA0.6MA0.3PbBr0.256I0.744,1.7,
Cs0.1FA0.747MA0.153PbBr0.51I2.49,1.73,
Cs0.1FA0.74MA0.1530PbBr0.51I2.49,1.61,
Cs0.1FA0.75MA0.15Pb0.25Sn0.75Br0.5I2.5,1.29,
Cs0.1FA0.75MA0.15Pb0.5Sn0.5Br0.5I2.5,1.31,
Cs0.1FA0.75MA0.15Pb0.75Sn0.25Br0.5I2.5,1.36,
Cs0.1FA0.75MA0.15PbBr0.45I2.55,1.63,
Cs0.1FA0.75MA0.15PbBr0.51I2.49,1.63,
Cs0.1FA0.75MA0.15PbBr0.55I2.55,1.63,
Cs0.1FA0.75MA0.15PbBr0.5I2.5,1.59,
Cs0.1FA0.75MA0.15PbBrI2,1.73,
Cs0.1FA0.75MA0.15SnBr0.5I2.5,1.44,
Cs0.1FA0.75MA0.24PbBr0.51I2.49,1.61,
Cs0.1FA0.765MA0.135PbBr0.45I2.55,1.611,
Cs0.1FA0.76MA0.14PbBr0.51I2.49,1.61,
Cs0.1FA0.76MA0.14PbBr0.55I2.55,1.61,
Cs0.1FA0.81MA0.09PbBr0.1I2.9,1.55,
Cs0.1FA0.85MA0.15PbBr0.45I2.55,1.611,
Cs0.1FA0.9PbBr0.095I0.905,1.56,
Cs0.1FA0.9PbBr0.09I2.91,1.54,
Cs0.1FA0.9PbBr0.1I2.9,1.55,
Cs0.1FA0.9PbBr0.256I0.744,1.72,
Cs0.1FA0.9PbBr0.3I2.7,1.48,
Cs0.1FA0.9PbBr0.6I2.4,1.61,
Cs0.1FA0.9PbBr0.9I2.1,1.7,
Cs0.1FA0.9PbBr3,2.277,
Cs0.1FA0.9PbI,1.54,
Cs0.1FA0.9PbI3,1.48,
Cs0.1MA0.9Pb0.25Sn0.75I3,1.26,
Cs0.1MA0.9Pb0.5Sn0.5I3,1.28,
Cs0.1MA0.9Pb0.75Sn0.25I3,1.39,
Cs0.1MA0.9Pb0.7Sn0.255I3,1.39,
Cs0.1MA0.9PbBr1.2I1.8,1.82,
Cs0.1MA0.9PbBrI2,1.77,
Cs0.1MA0.9PbI3,1.61,
Cs0.1MA0.9SnI3,1.2,
Cs0.20MA0.80PbI3,1.57,
Cs0.23MA0.77PbI3,1.644,
Cs0.25FA0.75Pb0.37Sn0.6255I3,1.24,
Cs0.25FA0.75Pb0.5Sn0.5I3,1.2,
Cs0.25FA0.75PbBr0.3I2.7,1.57,
Cs0.25FA0.75PbBr0.51I2.49,1.63,
Cs0.25FA0.75PbBr0.60I2.40,1.7,
Cs0.25FA0.75PbBr0.6I2.4,1.68,
Cs0.25FA0.75PbBr0.9I2.1,1.73,
Cs0.25FA0.75PbI3,1.54,
Cs0.2668FA0.666MA0.0664PbBr0.095I0.905,1.65,
Cs0.2668FA0.666MA0.0664PbBr0.256I0.744,1.71,
Cs0.2FA0.2MA0.6PbI3,1.64,
Cs0.2FA0.32MA0.48PbBr0.2I2.8,1.607,
Cs0.2FA0.65MA0.15PbBr0.55I2.55,1.85,
Cs0.2FA0.664MA0.336PbBr1.05I1.95,1.77,
Cs0.2FA0.66MA0.14Pb0.25Sn0.75Br0.5I2.5,1.28,
Cs0.2FA0.66MA0.14Pb0.5Sn0.5Br0.5I2.5,1.31,
Cs0.2FA0.66MA0.14Pb0.75Sn0.25Br0.5I2.5,1.38,
Cs0.2FA0.66MA0.14PbBr0.5I2.5,1.6,
Cs0.2FA0.66MA0.14SnBr0.5I2.5,1.42,
Cs0.2FA0.6MA0.2PbBr0.095I0.905,1.64,
Cs0.2FA0.6MA0.2PbBr0.256I0.744,1.7,
Cs0.2FA0.72MA0.08PbBr0.03I2.97,1.62,
Cs0.2FA0.75MA0.05PbBr0.51I2.49,1.63,
Cs0.2FA0.8Pb0.25Sn0.75I3,1.2,
Cs0.2FA0.8Pb0.3Sn0.7I3,1.35,
Cs0.2FA0.8Pb0.5Sn0.5I3,1.3,
Cs0.2FA0.8Pb0.75Sn0.25I3,1.35,
Cs0.2FA0.8PbBr0.095I0.905,1.65,
Cs0.2FA0.8PbBr0.256I0.744,1.71,
Cs0.2FA0.8PbBr0.6I2.4,1.48,
Cs0.2FA0.8PbBr0.75I2.25,1.67,
Cs0.2FA0.8PbBr0.9I2.1,1.75,
Cs0.2FA0.8PbBr1.05I1.95,1.76,
Cs0.2FA0.8PbBr1.2I1.8,1.82,
Cs0.2FA0.8PbBr1.5I1.5,1.82,
Cs0.2FA0.8PbI3,1.59,
Cs0.2FA0.8SnI3,1.2,
Cs0.2MA0.8Pb0.5Sn0.5I3,1.3,
Cs0.2MA0.8PbI3,1.62,
Cs0.30FA0.70PbI3,1.58,
Cs0.30MA0.70PbI3,1.58,
Cs0.32FA0.58GA0.1PbBr0.81I2.19,1.75,
Cs0.32FA0.58GU0.1PbBr0.81I2.19,1.75,
Cs0.34MA0.66PbI3,1.652,
Cs0.3FA0.2MA0.5PbI3,1.64,
Cs0.3FA0.6MA0.1PbBr0.095I0.905,1.65,
Cs0.3FA0.6MA0.1PbBr0.256I0.744,1.72,
Cs0.3FA0.7Pb0.7Sn0.3I3,1.3,
Cs0.3FA0.7PbBr0.095I0.905,1.63,
Cs0.3FA0.7PbBr0.15I2.85,1.62,
Cs0.3FA0.7PbBr0.256I0.744,1.72,
Cs0.3FA0.7PbBr3,2.287,
Cs0.3FA0.7PbI3,1.523,
Cs0.3MA0.7Pb0.5Sn0.5I3,1.28,
Cs0.40MA0.60PbI3,1.62,
Cs0.45FA0.55PbBr0.15I2.85,1.62,
Cs0.4FA0.2MA0.4PbI3,1.64,
Cs0.4FA0.6PbBr0.095I0.905,1.61,
Cs0.4FA0.6PbBr0.256I0.744,1.65,
Cs0.4FA0.6PbBr0.9I2.1,1.76,
Cs0.4FA0.6PbBr1.05I1.95,1.8,
Cs0.5FA0.4MA0.1PbBr0.51I2.49,1.7,
Cs0.5FA0.5PbBr0.51I2.49,1.62,
Cs0.5FA0.75MA0.1PbBr0.51I2.49,1.63,
Cs0.60MA0.40PbI3,1.68,
Cs0.79FA0.16MA0.1PbBrI2,1.73,
Cs0.80K0.20PbBr3,2.29,
Cs0.80MA0.20PbI3,1.72,
Cs0.84K0.16PbBr3,2.24,
Cs0.85Rb0.15PbBr3,2.24,
Cs0.88FA0.12PbI3,1.51,
Cs0.88K0.12PbBr3,2.25,
Cs0.88Na0.12PbBr3,2.24,
Cs0.88Rb0.12PbBr3,2.24,
Cs0.91Na0.09PbBr3,2.25,
Cs0.91Rb0.09PbBr3,2.31,
Cs0.92K0.08PbBr3,2.27,
Cs0.92Li0.08PbBr3,2.24,
Cs0.94Li0.06PbBr3,2.25,
Cs0.94Na0.06PbBr3,2.27,
Cs0.94Rb0.06PbBr3,2.25,
Cs0.96K0.04PbBr3,2.29,
Cs0.96Li0.04PbBr3,2.27,
Cs0.97Na0.03PbBr3,2.29,
Cs0.97Rb0.03PbBr3,2.27,
Cs0.98Li0.02PbBr3,2.29,
Cs0.99Rb0.01PbBrI2,1.9,
Cs02FA0.8PbBr0.42I2.58,1.59,
Cs2SnI6,1.48,
Cs3Bi2I9,2.2,
Cs3Sb2I9,2.05,
CsBa0.03Pb0.97Br3,2.27,
CsBa0.1Pb0.9BrI2,1.893,
CsBa0.1Pb0.9I3,1.72,
CsBa0.2Pb0.8BrI2,1.865,
CsBa0.3Pb0.7BrI2,1.839,
CsBa0.4Pb0.6BrI2,1.812,
CsBi0.04Pb0.96I3,1.56,
CsCa0.03Pb0.97Br3,2.27,
CsCu0.005Pb0.995Br3,2.27,
CsFAPbBr0.2I2.8,1.53,
CsFAPbBr0.3I2.7,1.56,
CsFAPbBr3I,1.6,
CsFAPbBrClI,1.7,
CsFAPbBrI,1.62,
CsFAPbI3,1.55,
CsGe0.1Pb0.9BrI2,1.895,
CsGe0.2Pb0.8BrI2,1.889,
CsGe0.3Pb0.7BrI2,1.881,
CsLa0.02Pb0.98BrI2,1.919,
CsMg0.03Pb0.97Br3,2.29,
CsNi0.005Pb0.995Br3,2.28,
CsPb0.1Sn0.9I3,1.22,
CsPb0.3Sn0.7I3,1.29,
CsPb0.6Sn0.4I3,1.38,
CsPb0.85I3,1.93,
CsPb0.93I3,1.8,
CsPb0.95I3,1.75,
CsPb0.97Sr0.03Br3,2.27,
CsPb0.98I3,1.71,
CsPb0.995Zn0.005Br3,2.25,
CsPb0.9I3,1.84,
CsPb0.9Sn0.1Br2I,1.79,
CsPb0.9Zn0.1Br2I,1.88,
CsPb1.0BrI2,1.92,
CsPb2Br5,2.58,
CsPbBr0.09I2.91,1.77,
CsPbBr0.15I2.85,1.7,
CsPbBr0.21I2.79,1.81,
CsPbBr0.2I2.8,1.82,
CsPbBr0.31I2.69,1.75,
CsPbBr0.45I2.55,1.84,
CsPbBr2.7I0.3,2.32,
CsPbBr2.8I0.2,2.35,
CsPbBr2.9I0.1,2.38,
CsPbBr2I,2.07,
CsPbBr3,2.3,
CsPbBr3I,1.91,
CsPbBrF0.12I1.88,1.85,
CsPbBrF0.22I1.78,1.85,
CsPbBrF0.28I1.72,1.85,
CsPbBrF1.72I0.28,1.85,
CsPbBrF1.78I0.22,1.85,
CsPbBrF1.88I0.12,1.85,
CsPbBrI,1.75,
CsPbBrI2,1.92,
CsPbI3,1.73,
CsSnBr0.5I2.5,1.375,
CsSnBr0.6I2.4,1.4,
CsSnBr2.5I0.5,2.36,
CsSnBr2I,1.63,
CsSnBr3,1.8,
CsSnBrI2,1.37,
CsSnI3,1.3,
EA0.1MA0.9PbI3,1.59,
EA0.2MA0.8PbI3,1.59,
EA0.3MA0.7PbI3,1.59,
EA0.4MA0.6PbI3,1.59,
EA0.5MA0.5PbBr3,2.38,
EA0.5MA0.5PbI3,1.59,
EDA0.01FA0.99SnI3,1.37,
FA0.026MA0.974PbI3,1.516,
FA0.02MA0.98PbI3,1.51,
FA0.05MA0.95PbI3,1.5,
FA0.125MA0.875PbBrI2,1.71,
FA0.125MA0.875PbI3,1.55,
FA0.15MA0.85PbBr0.45I2.55,1.53,
FA0.15MA0.85PbI3,1.63,
FA0.17MA0.83PbBr0.5I2.5,1.625,
FA0.17MA0.83PbBr1.5I1.5,1.858,
FA0.17MA0.83PbBr2.5I0.5,2.153,
FA0.17MA0.83PbBr2I,1.989,
FA0.17MA0.83PbBr3,2.296,
FA0.17MA0.83PbBrI2,1.764,
FA0.17MA0.83PbI3,1.588,
FA0.1MA0.9Pb0.9Sn0.1I3,1.44,
FA0.1MA0.9PbBr0.3I2.9,1.58,
FA0.1MA0.9PbBr2.7I0.3,2.14,
FA0.1MA0.9PbI3,1.51,
FA0.25MA0.75Pb0.75Sn0.25I3,1.33,
FA0.25MA0.75PbI3,1.54,
FA0.25MA0.75SnI3,1.28,
FA0.2MA0.8PbBr0.3I2.9,1.59,
FA0.2MA0.8PbI3,1.5,
FA0.33MA0.66Pb0.66Sn0.33I3,1.3,
FA0.33PbBr0.5I2.5,1.671,
FA0.33PbBr1.5I1.5,1.855,
FA0.33PbBr2.5I0.5,2.139,
FA0.33PbBr2I,1.974,
FA0.33PbBr3,2.288,
FA0.33PbBrI2,1.757,
FA0.33PbI3,1.56,
FA0.3MA0.7Pb1.0I3,1.55,
FA0.3MA0.7PbBr0.15I2.85,1.6,
FA0.3MA0.7PbBr0.3I2.7,1.59,
FA0.3MA0.7PbBr0.3I2.9,1.58,
FA0.3MA0.7PbBr0.45I2.55,1.66,
FA0.3MA0.7PbBr0.6I2.4,1.69,
FA0.3MA0.7PbBr2.1I0.9,2.03,
FA0.3MA0.7PbI3,1.57,
FA0.44MA0.56PbBr0.33I2.67,1.62,
FA0.48MA0.52PbI3,1.62,
FA0.4MA0.6PbBr0.025I2.975,1.6,
FA0.4MA0.6PbBr0.1I2.9,1.56,
FA0.4MA0.6PbBr0.2I2.8,1.58,
FA0.4MA0.6PbBr0.6I2.4,1.68,
FA0.4MA0.6PbI3,1.54,
FA0.5MA0.5Pb0.5Sn0.5I3,1.25,
FA0.5MA0.5Pb0.75Sn0.25I3,1.33,
FA0.5MA0.5PbBr0.5I2.5,1.612,
FA0.5MA0.5PbBr1.5I1.5,1.82,
FA0.5MA0.5PbBr2.5I0.5,2.141,
FA0.5MA0.5PbBr2I,1.957,
FA0.5MA0.5PbBr3,2.28,
FA0.5MA0.5PbBrI2,1.751,
FA0.5MA0.5PbI3,1.6,
FA0.5MA0.5SnI3,1.38,
FA0.65K0.2MA0.15PbBr0.55I2.55,1.59,
FA0.65MA0.35PbI3,1.52,
FA0.66MA0.34PbBr0.42I2.58,1.62,
FA0.66MA0.34PbI3,1.533,
FA0.67MA0.33PbBr0.5I2.5,1.638,
FA0.67MA0.33PbBr1.5I1.5,1.848,
FA0.67MA0.33PbBr2.5I0.5,2.115,
FA0.67MA0.33PbBr2I,1.969,
FA0.67MA0.33PbBr3,2.28,
FA0.67MA0.33PbBrI2,1.682,
FA0.67MA0.33PbI3,1.528,
FA0.6MA0.4Pb0.4Sn0.6Br0.12I2.88,1.26,
FA0.6MA0.4Pb0.4Sn0.6Br0.18I2.82,1.272,
FA0.6MA0.4Pb0.4Sn0.6Br0.24I2.76,1.28,
FA0.6MA0.4Pb0.4Sn0.6Br0.3I2.7,1.33,
FA0.6MA0.4Pb0.4Sn0.6Br0.48I2.52,1.32,
FA0.6MA0.4Pb0.4Sn0.6I3,1.25,
FA0.6MA0.4Pb0.6Sn0.6I3,1.25,
FA0.6MA0.4PbBr0.095I0.905,1.64,
FA0.6MA0.4PbBr0.256I0.744,1.72,
FA0.6MA0.4PbBr0.4I2.6,1.58,
FA0.6MA0.4PbI3,1.54,
FA0.6MA0.4PbSn0.6I0.4,1.25,
FA0.6MA0.4Sn0.6I3,1.25,
FA0.71MA0.29PbBr0.42I2.58,1.62,
FA0.75K0.1MA0.15PbBr0.55I2.55,1.59,
FA0.75MA0.25Ge0.05Sn0.95I3,1.4,
FA0.75MA0.25Ge0.1Sn0.9I3,1.42,
FA0.75MA0.25Ge0.2Sn0.8I3,1.53,
FA0.75MA0.25Pb0.75Sn0.25I3,1.33,
FA0.75MA0.25PbBr0.45I2.55,1.62,
FA0.75MA0.25PbBr0.51I2.49,1.65,
FA0.75MA0.25PbBr0.75I2.25,1.61,
FA0.75MA0.25PbI3,1.53,
FA0.75MA0.25SnI3,1.36,
FA0.75Sn0.25I3,1.4,
FA0.7MA0.3Pb0.5Sn0.5I3,1.22,
FA0.7MA0.3Pb0.7Sn0.3I3,1.26,
FA0.7MA0.3PbBr0.095I0.905,1.63,
FA0.7MA0.3PbBr0.10I2.90,1.58,
FA0.7MA0.3PbBr0.256I0.744,1.71,
FA0.7MA0.3PbBr0.9I2.1,1.71,
FA0.7MA0.3PbI3,1.6,
FA0.81MA0.19PbBr0.54I2.46,1.62,
FA0.82MA0.18PbBr0.53I2.47,1.64,
FA0.83MA0.17PbBr0.03I2.97,1.6,
FA0.83MA0.17PbBr0.33I2.67,1.59,
FA0.83MA0.17PbBr0.39I2.61,1.6,
FA0.83MA0.17PbBr0.46I2.54,1.57,
FA0.83MA0.17PbBr0.47I2.53,1.61,
FA0.83MA0.17PbBr0.49I2.51,1.6,
FA0.83MA0.17PbBr0.50I2.50,1.627,
FA0.83MA0.17PbBr0.51I2.49,1.62,
FA0.83MA0.17PbBr0.51I2.59,1.6,
FA0.83MA0.17PbBr0.52I2.48,1.64,
FA0.83MA0.17PbBr0.5I2.5,1.6,
FA0.83MA0.17PbBr1.2I1.8,1.72,
FA0.83MA0.17PbBr1.5I1.5,1.84,
FA0.83MA0.17PbBr2.5I0.5,2.113,
FA0.83MA0.17PbBr2I,1.976,
FA0.83MA0.17PbBr3,2.278,
FA0.83MA0.17PbBrI2,1.684,
FA0.83MA0.17PbI3,1.53,
FA0.84MA0.16PbBr0.4I2.6,1.53,
FA0.84MA0.16PbBr0.50I2.50,1.65,
FA0.84MA0.16PbBr0.51I2.49,1.64,
FA0.84MA0.16PbBr0.5I1.5,1.83,
FA0.85MA0.15Pb1.0Br0.45I2.55,1.59,
FA0.85MA0.15PbBr0.15I0.85,1.63,
FA0.85MA0.15PbBr0.21I2.79,1.56,
FA0.85MA0.15PbBr0.45I2.55,1.6,
FA0.85MA0.15PbBr0.50I2.50,1.65,
FA0.85MA0.15PbBr0.55I2.55,1.58,
FA0.85MA0.15PbBr0.5I2.5,1.627,
FA0.85MA0.15PbBr0.6I2.4,1.616,
FA0.85MA0.15PbI3,1.56,
FA0.87MA0.13PbI3,1.5,
FA0.88MA0.12PbI3,1.53,
FA0.8K0.05MA0.15PbBr0.55I2.55,1.59,
FA0.8MA0.2PbBr0.095I0.905,1.61,
FA0.8MA0.2PbBr0.22I,1.53,
FA0.8MA0.2PbBr0.256I0.744,1.72,
FA0.8MA0.2PbBr0.2I2.8,1.53,
FA0.8MA0.2PbBr0.6I2.4,1.61,
FA0.8MA0.2PbBr0.6I2.40,1.5,
FA0.8MA0.2PbI3,1.35,
FA0.90TN0.10SnI3,1.39,
FA0.92MA0.08PbBr0.24I2.76,1.56,
FA0.92MA0.08PbI3,1.55,
FA0.93MA0.03PbBr0.09I2.91,1.55,
FA0.95MA0.05PbBr0.15I2.85,1.51,
FA0.96MA0.04PbBr0.12I2.88,1.48,
FA0.975MA0.025PbI3,1.48,
FA0.976MA0.024PbBr0.075I2.925,1.54,
FA0.992MA0.008PbBr0.024I2.976,1.56,
FA0.9MA0.1PbBr0.03I2.97,1.581,
FA0.9MA0.1PbBr0.095I0.905,1.61,
FA0.9MA0.1PbBr0.1I2.9,1.56,
FA0.9MA0.1PbBr0.256I0.744,1.7,
FA0.9MA0.1PbBr0.3I2.7,1.5,
FA0.9MA0.1PbI3,1.525,
FABiPbI3,1.6,
FAMAPbBr0.45I2.55,1.65,
FAMAPbBr3I,1.6,
FAMAPbBrI,1.54,
FAMAPbI3,1.546,
FAPb0.125Sn0.875I3,1.25,
FAPb0.25Sn0.75I3,1.21,
FAPb0.2Sn0.8I3,1.29,
FAPb0.375Sn0.625I3,1.21,
FAPb0.4Sn0.6I3,1.29,
FAPb0.5Sn0.5I,1.22,
FAPb0.5Sn0.5I3,1.17,
FAPb0.625Sn0.375I3,1.24,
FAPb0.75Sn0.25I3,1.31,
FAPb0.7Sn0.3I3,1.34,
FAPb0.875Sn0.125I3,1.33,
FAPb0.9Sn0.1I3,1.43,
FAPb1.0I3,1.48,
FAPbBr,2.23,
FAPbBr0.095I0.905,1.59,
FAPbBr0.15I2.85,1.62,
FAPbBr0.256I0.744,1.7,
FAPbBr0.5I2.5,1.965,
FAPbBr0.6I2.4,1.57,
FAPbBr1.5I1.5,1.91,
FAPbBr2.1Cl0.9,2.44,
FAPbBr2.25Cl0.75,2.39,
FAPbBr2.43Cl0.57,2.36,
FAPbBr2.5I0.5,2.105,
FAPbBr2.67Cl0.33,2.3,
FAPbBr2Cl,2.48,
FAPbBr2I,1.969,
FAPbBr3,2.26,
FAPbBr3I,1.6,
FAPbBrI2,2.268,
FAPbI,1.54,
FAPbI3,1.48,
FASn1.0I3,1.4,
FASnBr0.24I2.76,1.47,
FASnBr0.5I2.5,1.53,
FASnBr0.75I2.25,1.63,
FASnBr3,1.6,
FASnBrI2,1.55,
FASnI3,1.4,
GUPb(SCN)3I,1.43,
GUPbI3,2.52,
HA0.1MA0.9SnI3,1.3,
HA0.2MA0.8SnI3,1.3,
HA0.3MA0.7SnI3,1.3,
HAMAPbI3,1.6,
IA0.05MA0.95PbI3,1.6,
IMPbI3,2.92,
LaYS3,2,
MA0.5PA0.5PbI3,1.55,
MA0.75Sn0.25I3,1.38,
MA0.98PbI3,1.59,
MA3Bi2I9,2.1,
MA3BiI2,2.2,
MA3PbBr0.32I2.68,1.64,
MA3Sb1.4Sn0.6I9,1.75,
MA3Sb2I9,2.17,
MAAg0.005Pb0.995Br3,2.3,
MAAg0.01Pb0.99Br3,2.3,
MAAg0.02Pb0.98Br3,2.3,
MAAg0.05Pb0.95Br3,2.3,
MAAg0.1Pb0.9Br3,2.3,
MAAlCl4,2.8,
MACo0.008Pb0.992I3,1.56,
MACo0.016Pb0.984I3,1.56,
MACo0.031Pb0.969I3,1.56,
MACo0.063Pb0.937I3,1.56,
MACu0.05Pb0.85Sn0.1Br0.1I2.9,1.44,
MACu0.05Pb0.8Sn0.15Br0.1I2.9,1.39,
MACu0.05Pb0.95Br0.1I2.9,1.6,
MACu0.05Pb0.9Sn0.05Br0.1I2.9,1.55,
MAFe0.1Pb0.9I3,1.61,
MAMnI3,1.65,
MANiCl2I,1.41,
MAPb(Br0.7I0.3)xCl3-x,1.97,
MAPb0.125Sn0.875I3,1.18,
MAPb0.25Sn0.75Br1.2I1.8,1.34,
MAPb0.25Sn0.75I3,1.25,
MAPb0.2Sn0.8Br0.4I2.6,1.26,
MAPb0.2Sn0.8I3,1.189,
MAPb0.375Sn0.625I3,1.2,
MAPb0.38Sn0.62I3,1.22,
MAPb0.3Sn0.7I3,1.17,
MAPb0.4Sn0.6Br0.4I2.6,1.26,
MAPb0.4Sn0.6Br0.6I2.4,1.24,
MAPb0.4Sn0.6Br0.9I2.1,1.25,
MAPb0.4Sn0.6Br1.2I1.8,1.26,
MAPb0.4Sn0.6Br1.5I1.5,1.27,
MAPb0.4Sn0.6Br1.8I1.2,1.29,
MAPb0.4Sn0.6Br2.1I0.9,1.3,
MAPb0.4Sn0.6Br2.4I0.6,1.32,
MAPb0.4Sn0.6BrI3,1.16,
MAPb0.4Sn0.6I3,1.27,
MAPb0.50Sn0.50Br1.2I1.8,1.48,
MAPb0.5Sn0.5Br0.6I2.4,1.35,
MAPb0.5Sn0.5I3,1.22,
MAPb0.625Sn0.375I3,1.25,
MAPb0.65Sn0.35I3,1.25,
MAPb0.6Sn0.4Br0.4I2.6,1.26,
MAPb0.6Sn0.4I3,1.39,
MAPb0.75Sn0.25Br0.3I2.7,1.43,
MAPb0.75Sn0.25Br0.6I2.4,1.48,
MAPb0.75Sn0.25Br0.9I2.1,1.53,
MAPb0.75Sn0.25Br1.2I1.8,1.59,
MAPb0.75Sn0.25Br1.5I1.5,1.65,
MAPb0.75Sn0.25Br1.8I1.2,1.73,
MAPb0.75Sn0.25Br2.1I0.9,1.8,
MAPb0.75Sn0.25Br2.4I0.6,1.9,
MAPb0.75Sn0.25Br2.7I0.3,1.99,
MAPb0.75Sn0.25Br3,2.03,
MAPb0.75Sn0.25I,1.24,
MAPb0.75Sn0.25I3,1.24,
MAPb0.7Sn0.255I3,1.3,
MAPb0.7Sn0.3I3,1.2,
MAPb0.85Sn0.15I3,1.28,
MAPb0.875Sn0.125I3,1.42,
MAPb0.8Sn0.2Br0.4I2.6,1.26,
MAPb0.8Sn0.2I3,1.5,
MAPb0.8Sr0.2I3,1.628,
MAPb0.92Sb0.08I3,1.65,
MAPb0.93I3,1.44,
MAPb0.95Sb0.05I3,1.63,
MAPb0.95Sn0.05I3,1.5,
MAPb0.95Sr0.05I3,1.632,
MAPb0.97Sb0.03Br2.94I0.09,1.59,
MAPb0.97Sb0.03I3,1.58,
MAPb0.98Sb0.02I3,1.5,
MAPb0.9Sb0.1I3,1.67,
MAPb0.9Sn0.1I3,1.31,
MAPb0.9Sr0.1I3,1.63,
MAPb0Sn0.19I3,1.31,
MAPb1.0Br0.15I2.85,1.57,
MAPb1.0Br0.33I2.66,1.65,
MAPb1.0Br0.3I2.7,1.58,
MAPb1.0Br0.45I2.55,1.6,
MAPb1.0Br0.66I2.33,1.58,
MAPb1.0Br0.6I2.4,1.62,
MAPb1.0Br1.5I1.5,1.72,
MAPb1.0Br3,2.1,
MAPb1.0BrI2,1.6,
MAPb1.0Cl3,2.8,
MAPb1.0ClI2,2.7,
MAPb1.0I3,1.55,
MAPbBr0.02I2.98,1.6,
MAPbBr0.033I2.97,1.6,
MAPbBr0.03I2.97,1.6,
MAPbBr0.05I2.95,1.57,
MAPbBr0.066I2.93,1.61,
MAPbBr0.075I2.925,1.61,
MAPbBr0.075I2.95,1.6,
MAPbBr0.083I2.92,1.61,
MAPbBr0.08I2.92,1.6,
MAPbBr0.09I2.91,1.61,
MAPbBr0.11I2.89,1.585,
MAPbBr0.12I2.88,1.6,
MAPbBr0.14I2.86,1.591,
MAPbBr0.15I2.85,1.53,
MAPbBr0.18I2.82,1.604,
MAPbBr0.1I2.9,1.6,
MAPbBr0.225I2.775,1.6,
MAPbBr0.25I2.75,1.65,
MAPbBr0.2I2.8,1.597,
MAPbBr0.30I2.70,1.65,
MAPbBr0.33I2.67,1.62,
MAPbBr0.36I2.64,1.62,
MAPbBr0.39I2.61,1.641,
MAPbBr0.3I2.7,1.5,
MAPbBr0.3I2.9,1.589,
MAPbBr0.45I2.55,1.65,
MAPbBr0.4I2.6,1.67,
MAPbBr0.56I2.44,1.68,
MAPbBr0.5I2.5,1.62,
MAPbBr0.6Cl2.4,2.83,
MAPbBr0.6I2.4,1.67,
MAPbBr0.75I2.25,1.67,
MAPbBr0.78I2.22,1.69,
MAPbBr0.7I2.3,1.68,
MAPbBr0.81I2.19,1.71,
MAPbBr0.87I2.13,1.71,
MAPbBr0.8I2.2,1.75,
MAPbBr0.9I,1.72,
MAPbBr0.9I2.1,1.7,
MAPbBr1.14I1.86,1.777,
MAPbBr1.16I1.74,1.9,
MAPbBr1.25I75,1.76,
MAPbBr1.26I1.74,1.79,
MAPbBr1.2I1.8,1.77,
MAPbBr1.41I1.59,1.791,
MAPbBr1.5I1.5,1.67,
MAPbBr1.74I1.26,1.924,
MAPbBr1.77I1.23,1.96,
MAPbBr1.7I1.3,1.94,
MAPbBr1.8I1.2,1.92,
MAPbBr2.13I0.87,2.033,
MAPbBr2.16I0.84,2.01,
MAPbBr2.25I0.75,1.67,
MAPbBr2.52I0.48,2.154,
MAPbBr2.5I0.5,2.161,
MAPbBr2.85I0.15,2.23,
MAPbBr2I,1.78,
MAPbBr3,2.3,
MAPbBrI,1.594,
MAPbBrI2,1.8,
MAPbCl3,3.04,
MAPbI,1.58,
MAPbI3,1.6,
MAPbI3-xClx,1.6,
MAPbIx,1.6,
MASb1.2Sn0.8I9,1.65,
MASb1.6Sn0.4I9,1.85,
MASb1.8Sn0.2I9,1.95,
MASb1.9Sn0.1I9,2,
MASbSnI9,1.5,
MASnBr0.42I2.58,1.4,
MASnBr0.6I2.4,1.36,
MASnBr1.2I1.8,1.6,
MASnBr1.5Cl0.5I,1.97,
MASnBr1.5I1.5,1.57,
MASnBr1.8Cl0.2I,1.87,
MASnBr2.64I0.36,1.83,
MASnBr2I,1.77,
MASnBr3,2.08,
MASnBrI2,1.46,
MASnCl3,2.1,
MASnF0.4I2.6,1.85,
MASnI3,1.34,
PAPbI3,2.32,
RbPbI3,1.98,
nan,1.713,
nanCu3SbI6,2.43,
